dataset,split,run_name,sample_id,prediction_dir,sample_height,sample_width,gt_pixels,pred_pixels,tp_pixels,fp_pixels,fn_pixels,tn_pixels,intersection_pixels,union_pixels,gt_area_ratio,pred_area_ratio,abs_area_error,gt_components,pred_components,dice,iou,precision,recall,f2,mae,boundary_f1,pointing_game,peak_center_dist,coherence_mer,heatmap_peak_value,heatmap_mean,heatmap_inside_mean,heatmap_outside_mean
cvc,test,kvasir_to_cvc,410.png,346_pretrained,256,256,5256,4961,4593,368,663,59912,4593,5624,0.0802,0.075699,0.004501,1,1,0.8991,0.8167,0.9258,0.8739,0.8838,0.0157,0.3781,1,34.22,0.8004,1.0,0.0824,0.8223,0.0179
cvc,test,kvasir_to_cvc,274.png,194_pretrained,256,256,19247,16788,16198,590,3049,45699,16198,19837,0.293686,0.256165,0.037521,1,2,0.899,0.8166,0.9649,0.8416,0.8637,0.0555,0.4979,1,24.63,0.9304,1.0,0.252,0.7982,0.0248
cvc,test,kvasir_to_cvc,110.png,013_pretrained,256,256,15041,12893,12550,343,2491,50152,12550,15384,0.229507,0.196732,0.032776,1,1,0.8985,0.8158,0.9734,0.8344,0.8589,0.0432,0.6028,1,49.52,0.9427,1.0,0.2024,0.8314,0.015
cvc,test,kvasir_to_cvc,381.png,313_pretrained,256,256,1589,1902,1568,334,21,63613,1568,1923,0.024246,0.029022,0.004776,1,1,0.8983,0.8154,0.8244,0.9868,0.9494,0.0054,0.5622,1,11.18,0.6716,1.0,0.0349,0.9664,0.0117
